,Город,Регион,Население,Год переписи
15,Алейск,Алтайский край,25 380 ,2021
88,Белокуриха,Алтайский край,14 735 ,2021
101,Бийск,Алтайский край,183 852 ,2021
215,Горняк,Алтайский край,10 112 ,2021
313,Заринск,Алтайский край,41 272 ,2021
326,Змеиногорск,Алтайский край,9410 ,2021
367,Камень-на-Оби,Алтайский край,32 385 ,2021
660,Новоалтайск,Алтайский край,73 049 ,2021
812,Рубцовск,Алтайский край,126 834 ,2021
870,Славгород,Алтайский край,27 900 ,2021
1112,Яровое,Алтайский край,16 424 ,2021
85,Белогорск,Амурская область,61 440 ,2021
299,Завитинск,Амурская область,9615 ,2021
322,Зея,Амурская область,19 414 ,2021
798,Райчихинск,Амурская область,15 797 ,2021
842,Свободный,Амурская область,48 517 ,2021
868,Сковородино,Амурская область,7057 ,2021
983,Тында,Амурская область,28 625 ,2021
1038,Циолковский,Амурская область,7194 ,2021
1079,Шимановск,Амурская область,16 488 ,2021
148,Вельск,Архангельская область,21 613 ,2021
382,Каргополь,Архангельская область,8849 ,2021
450,Коряжма,Архангельская область,34 523 ,2021
457,Котлас,Архангельская область,56 093 ,2021
578,Мезень,Архангельская область,2874 ,2021
591,Мирный,Архангельская область,27 262 ,2021
663,Новодвинск,Архангельская область,33 294 ,2021
695,Няндома,Архангельская область,18 473 ,2021
712,Онега,Архангельская область,16 947 ,2021
847,Северодвинск,Архангельская область,157 213 ,2021
890,Сольвычегодск,Архангельская область,1952 ,2021
1077,Шенкурск,Архангельская область,4600 ,2021
53,Ахтубинск,Астраханская область,35 635 ,2021
327,Знаменск,Астраханская область,24 628 ,2021
369,Камызяк,Астраханская область,16 154 ,2021
623,Нариманов,Астраханская область,11 104 ,2021
1027,Харабали,Астраханская область,18 514 ,2021
4,Агидель,Башкортостан,14 219 ,2021
62,Баймак,Башкортостан,17 833 ,2021
81,Белебей,Башкортостан,59 195 ,2021
91,Белорецк,Башкортостан,64 525 ,2021
105,Бирск,Башкортостан,44 295 ,2021
108,Благовещенск,Башкортостан,35 481 ,2021
237,Давлеканово,Башкортостан,21 834 ,2021
271,Дюртюли,Башкортостан,31 185 ,2021
350,Ишимбай,Башкортостан,64 041 ,2021
495,Кумертау,Башкортостан,57 949 ,2021
576,Межгорье,Башкортостан,15 697 ,2021
580,Мелеуз,Башкортостан,56 505 ,2021
639,Нефтекамск,Башкортостан,131 942 ,2021
705,Октябрьский,Башкортостан,115 557 ,2021
822,Салават,Башкортостан,148 575 ,2021
865,Сибай,Башкортостан,56 514 ,2021
916,Стерлитамак,Башкортостан,277 410 ,2021
977,Туймазы,Башкортостан,68 349 ,2021
1015,Учалы,Башкортостан,36 175 ,2021
1110,Янаул,Башкортостан,25 908 ,2021
19,Алексеевка,Белгородская область,36 578 ,2021
107,Бирюч,Белгородская область,7114 ,2021
143,Валуйки,Белгородская область,33 032 ,2021
221,Грайворон,Белгородская область,6179 ,2021
227,Губкин,Белгородская область,85 225 ,2021
448,Короча,Белгородская область,5623 ,2021
684,Новый Оскол,Белгородская область,18 359 ,2021
915,Старый Оскол,Белгородская область,221 676 ,2021
918,Строитель,Белгородская область,23 780 ,2021
1075,Шебекино,Белгородская область,39 680 ,2021
272,Дятьково,Брянская область,25 255 ,2021
297,Жуковка,Брянская область,17 628 ,2021
325,Злынка,Брянская область,5270 ,2021
380,Карачев,Брянская область,17 449 ,2021
421,Клинцы,Брянская область,63 059 ,2021
571,Мглин,Брянская область,6919 ,2021
664,Новозыбков,Брянская область,38 680 ,2021
773,Почеп,Брянская область,14 991 ,2021
851,Севск,Брянская область,6732 ,2021
853,Сельцо,Брянская область,15 906 ,2021
913,Стародуб,Брянская область,17 687 ,2021
928,Сураж,Брянская область,11 176 ,2021
975,Трубчевск,Брянская область,13 287 ,2021
996,Унеча,Брянская область,24 274 ,2021
1019,Фокино,Брянская область,12 538 ,2021
58,Бабушкин,Бурятия,4368 ,2021
235,Гусиноозёрск,Бурятия,24 451 ,2021
305,Закаменск,Бурятия,11 365 ,2021
511,Кяхта,Бурятия,17 877 ,2021
846,Северобайкальск,Бурятия,24 233 ,2021
16,Александров,Владимирская область,57 053 ,2021
196,Вязники,Владимирская область,36 203 ,2021
219,Гороховец,Владимирская область,12 666 ,2021
236,Гусь-Хрустальный,Владимирская область,51 552 ,2021
368,Камешково,Владимирская область,12 028 ,2021
375,Карабаново,Владимирская область,13 150 ,2021
407,Киржач,Владимирская область,27 318 ,2021
424,Ковров,Владимирская область,132 417 ,2021
435,Кольчугино,Владимирская область,39 410 ,2021
451,Костерёво,Владимирская область,7113 ,2021
501,Курлово,Владимирская область,6309 ,2021
517,Лакинск,Владимирская область,12 861 ,2021
579,Меленки,Владимирская область,13 407 ,2021
610,Муром,Владимирская область,107 497 ,2021
750,Петушки,Владимирская область,13 317 ,2021
763,Покров,Владимирская область,17 747 ,2021
796,Радужный,Владимирская область,17 569 ,2021
879,Собинка,Владимирская область,17 444 ,2021
919,Струнино,Владимирская область,11 774 ,2021
924,Судогда,Владимирская область,10 408 ,2021
925,Суздаль,Владимирская область,9286 ,2021
1102,Юрьев-Польский,Владимирская область,17 276 ,2021
174,Волжский,Волгоградская область,321 479 ,2021
268,Дубовка,Волгоградская область,14 779 ,2021
295,Жирновск,Волгоградская область,15 555 ,2021
355,Калач-на-Дону,Волгоградская область,24 277 ,2021
370,Камышин,Волгоградская область,107 927 ,2021
455,Котельниково,Волгоградская область,22 016 ,2021
458,Котово,Волгоградская область,21 028 ,2021
473,Краснослободск,Волгоградская область,16 545 ,2021
522,Ленинск,Волгоградская область,13 391 ,2021
593,Михайловка,Волгоградская область,56 031 ,2021
652,Николаевск,Волгоградская область,13 460 ,2021
661,Новоаннинский,Волгоградская область,15 351 ,2021
733,Палласовка,Волгоградская область,14 966 ,2021
744,Петров Вал,Волгоградская область,12 526 ,2021
858,Серафимович,Волгоградская область,8633 ,2021
930,Суровикино,Волгоградская область,18 227 ,2021
1001,Урюпинск,Волгоградская область,36669 ,2021
1021,Фролово,Волгоградская область,35 661 ,2021
57,Бабаево,Вологодская область,11 739 ,2021
111,Бобров,Воронежская область,20 871 ,2021
116,Богучар,Воронежская область,14 370 ,2021
127,Борисоглебск,Воронежская область,60 687 ,2021
141,Бутурлиновка,Воронежская область,24 397 ,2021
354,Калач,Воронежская область,17 624 ,2021
533,Лиски,Воронежская область,54 147 ,2021
662,Нововоронеж,Воронежская область,30 658 ,2021
680,Новохопёрск,Воронежская область,5948 ,2021
724,Острогожск,Воронежская область,31 699 ,2021
731,Павловск,Воронежская область,22 384 ,2021
759,Поворино,Воронежская область,16417 ,2021
807,Россошь,Воронежская область,60 879 ,2021
856,Семилуки,Воронежская область,27 938 ,2021
1095,Эртиль,Воронежская область,10 024 ,2021
140,Буйнакск,Дагестан,68 121 ,2021
238,Дагестанские Огни,Дагестан,31 412 ,2021
247,Дербент,Дагестан,12 4953 ,2021
336,Избербаш,Дагестан,55 996 ,2021
387,Каспийск,Дагестан,121 140 ,2021
398,Кизилюрт,Дагестан,38 335 ,2021
399,Кизляр,Дагестан,49 999 ,2021
1029,Хасавюрт,Дагестан,155 144 ,2021
1099,Южно-Сухокумск,Дагестан,10 503 ,2021
696,Облучье,Еврейская АО,7959 ,2021
70,Балей,Забайкальский край,10 286 ,2021
126,Борзя,Забайкальский край,29 596 ,2021
470,Краснокаменск,Забайкальский край,51 137 ,2021
597,Могоча,Забайкальский край,12 390 ,2021
635,Нерчинск,Забайкальский край,15 290 ,2021
746,Петровск-Забайкальский,Забайкальский край,15 015 ,2021
908,Сретенск,Забайкальский край,6093 ,2021
1031,Хилок,Забайкальский край,9948 ,2021
1078,Шилка,Забайкальский край,12 046 ,2021
166,Вичуга,Ивановская область,30 694 ,2021
199,Гаврилов Посад,Ивановская область,5429 ,2021
301,Заволжск,Ивановская область,8896 ,2021
404,Кинешма,Ивановская область,77 694 ,2021
437,Комсомольск,Ивановская область,8364 ,2021
460,Кохма,Ивановская область,30 940 ,2021
617,Наволоки,Ивановская область,8167 ,2021
758,Плёс,Ивановская область,1896 ,2021
777,Приволжск,Ивановская область,14 332 ,2021
790,Пучеж,Ивановская область,6879 ,2021
805,Родники,Ивановская область,24 101 ,2021
954,Тейково,Ивановская область,31 305 ,2021
1023,Фурманов,Ивановская область,29 715 ,2021
1084,Шуя,Ивановская область,55 225 ,2021
1097,Южа,Ивановская область,12 957 ,2021
1103,Юрьевец,Ивановская область,7899 ,2021
377,Карабулак,Ингушетия,43 037 ,2021
560,Малгобек,Ингушетия,36 480 ,2021
620,Назрань,Ингушетия,122 350 ,2021
926,Сунжа,Ингушетия,62 078 ,2021
21,Алзамай,Иркутская область,5373 ,2021
28,Ангарск,Иркутская область,221 296 ,2021
61,Байкальск,Иркутская область,13 199 ,2021
106,Бирюсинск,Иркутская область,8632 ,2021
117,Бодайбо,Иркутская область,8921 ,2021
131,Братск,Иркутская область,224 071 ,2021
165,Вихоревка,Иркутская область,21 719 ,2021
291,Железногорск-Илимский,Иркутская область,21 621 ,2021
323,Зима,Иркутская область,30 640 ,2021
406,Киренск,Иркутская область,10 998 ,2021
645,Нижнеудинск,Иркутская область,29 995 ,2021
836,Саянск,Иркутская область,35 561 ,2021
841,Свирск,Иркутская область,15 485 ,2021
875,Слюдянка,Иркутская область,18 058 ,2021
943,Тайшет,Иркутская область,34 491 ,2021
979,Тулун,Иркутская область,38 440 ,2021
1004,Усолье-Сибирское,Иркутская область,74 762 ,2021
1008,Усть-Илимск,Иркутская область,79 570 ,2021
1010,Усть-Кут,Иркутская область,36 918 ,2021
1049,Черемхово,Иркутская область,53 958 ,2021
1076,Шелехов,Иркутская область,41 998 ,2021
64,Баксан,Кабардино-Балкария,39 593 ,2021
555,Майский,Кабардино-Балкария,26 632 ,2021
625,Нарткала,Кабардино-Балкария,33 203 ,2021
785,Прохладный,Кабардино-Балкария,59 938 ,2021
957,Терек,Кабардино-Балкария,19 948 ,2021
984,Тырныауз,Кабардино-Балкария,22 056 ,2021
1045,Чегем,Кабардино-Балкария,20 736 ,2021
60,Багратионовск,Калининградская область,6417 ,2021
71,Балтийск,Калининградская область,26 796 ,2021
206,Гвардейск,Калининградская область,14 122 ,2021
232,Гурьевск,Калининградская область,26 760 ,2021
234,Гусев,Калининградская область,29 234 ,2021
318,Зеленоградск,Калининградская область,16 625 ,2021
468,Краснознаменск,Калининградская область,3419 ,2021
515,Ладушкин,Калининградская область,3666 ,2021
565,Мамоново,Калининградская область,8314 ,2021
633,Неман,Калининградская область,9255 ,2021
637,Нестеров,Калининградская область,3336 ,2021
701,Озёрск,Калининградская область,4152 ,2021
754,Пионерский,Калининградская область,12 794 ,2021
766,Полесск,Калининградская область,6926 ,2021
776,Правдинск,Калининградская область,3986 ,2021
778,Приморск,Калининградская область,1436 ,2021
837,Светлогорск,Калининградская область,16 207 ,2021
839,Светлый,Калининградская область,21 114 ,2021
871,Славск,Калининградская область,4153 ,2021
880,Советск,Калининградская область,38 910 ,2021
1057,Черняховск,Калининградская область,36 128 ,2021
218,Городовиковск,Калмыкия,8285 ,2021
514,Лагань,Калмыкия,13 834 ,2021
697,Обнинск,Калужская область,125 376 ,2021
164,Вилючинск,Камчатский край,21 774 ,2021
279,Елизово,Камчатский край,36 240 ,2021
379,Карачаевск,Карачаево-Черкесия,23 867 ,2021
953,Теберда,Карачаево-Черкесия,9020 ,2021
1007,Усть-Джегута,Карачаево-Черкесия,31 137 ,2021
30,Анжеро-Судженск,Кемеровская область,66 583 ,2021
84,Белово,Кемеровская область,68 542 ,2021
98,Берёзовский,Кемеровская область,44 932 ,2021
233,Гурьевск,Кемеровская область,22 134 ,2021
359,Калтан,Кемеровская область,21 752 ,2021
418,Киселёвск,Кемеровская область,83 431 ,2021
523,Ленинск-Кузнецкий,Кемеровская область,92 244 ,2021
567,Мариинск,Кемеровская область,40 779 ,2021
577,Междуреченск,Кемеровская область,96 174 ,2021
612,Мыски,Кемеровская область,40 109 ,2021
666,Новокузнецк,Кемеровская область,537 480 ,2021
720,Осинники,Кемеровская область,40 367 ,2021
767,Полысаево,Кемеровская область,25 631 ,2021
782,Прокопьевск,Кемеровская область,177 819 ,2021
823,Салаир,Кемеровская область,7088 ,2021
942,Тайга,Кемеровская область,22 375 ,2021
951,Таштагол,Кемеровская область,21 980 ,2021
968,Топки,Кемеровская область,27 158 ,2021
1101,Юрга,Кемеровская область,79 693 ,2021
79,Белая Холуница,Кировская область,9659 ,2021
198,Вятские Поляны,Кировская область,29 742 ,2021
329,Зуевка,Кировская область,9767 ,2021
413,Кирово-Чепецк,Кировская область,66 651 ,2021
416,Кирс,Кировская область,8982 ,2021
456,Котельнич,Кировская область,20 144 ,2021
539,Луза,Кировская область,9122 ,2021
561,Малмыж,Кировская область,6931 ,2021
607,Мураши,Кировская область,5700 ,2021
687,Нолинск,Кировская область,8262 ,2021
711,Омутнинск,Кировская область,19 629 ,2021
717,Орлов,Кировская область,5508 ,2021
874,Слободской,Кировская область,29 148 ,2021
881,Советск,Кировская область,14 626 ,2021
896,Сосновка,Кировская область,8428 ,2021
999,Уржум,Кировская область,8448 ,2021
1111,Яранск,Кировская область,14 284 ,2021
182,Воркута,Коми,56 985 ,2021
188,Вуктыл,Коми,9322 ,2021
282,Емва,Коми,10 994 ,2021
342,Инта,Коми,20 271 ,2021
585,Микунь,Коми,8527 ,2021
751,Печора,Коми,35 254 ,2021
899,Сосногорск,Коми,22 189 ,2021
1002,Усинск,Коми,32 182 ,2021
1014,Ухта,Коми,79 899 ,2021
139,Буй,Костромская область,20 564 ,2021
172,Волгореченск,Костромская область,14 355 ,2021
204,Галич,Костромская область,12 856 ,2021
432,Кологрив,Костромская область,2468 ,2021
557,Макарьев,Костромская область,5528 ,2021
566,Мантурово,Костромская область,13 043 ,2021
634,Нерехта,Костромская область,19 977 ,2021
642,Нея,Костромская область,7816 ,2021
886,Солигалич,Костромская область,5534 ,2021
1065,Чухлома,Костромская область,4252 ,2021
1070,Шарья,Костромская область,20 439 ,2021
3,Абинск,Краснодарский край,39 511 ,2021
27,Анапа,Краснодарский край,81 863 ,2021
34,Апшеронск,Краснодарский край,40 289 ,2021
41,Армавир,Краснодарский край,187 177 ,2021
92,Белореченск,Краснодарский край,55 870 ,2021
208,Геленджик,Краснодарский край,80 204 ,2021
220,Горячий Ключ,Краснодарский край,40 903 ,2021
231,Гулькевичи,Краснодарский край,33 357 ,2021
275,Ейск,Краснодарский край,82 943 ,2021
445,Кореновск,Краснодарский край,41 826 ,2021
483,Кропоткин,Краснодарский край,75 858 ,2021
484,Крымск,Краснодарский край,54 597 ,2021
499,Курганинск,Краснодарский край,47 305 ,2021
512,Лабинск,Краснодарский край,57 428 ,2021
665,Новокубанск,Краснодарский край,34 000 ,2021
672,Новороссийск,Краснодарский край,262 293 ,2021
780,Приморско-Ахтарск,Краснодарский край,31 087 ,2021
872,Славянск-на-Кубани,Краснодарский край,62 985 ,2021
900,Сочи,Краснодарский край,466 078 ,2021
956,Темрюк,Краснодарский край,41 608 ,2021
959,Тимашёвск,Краснодарский край,51 858 ,2021
961,Тихорецк,Краснодарский край,55 686 ,2021
976,Туапсе,Краснодарский край,61 571 ,2021
1011,Усть-Лабинск,Краснодарский край,40 158 ,2021
1025,Хадыженск,Краснодарский край,22 094 ,2021
46,Артёмовск,Красноярский край,1492 ,2021
54,Ачинск,Красноярский край,100 621 ,2021
115,Боготол,Красноярский край,18 206 ,2021
130,Бородино,Красноярский край,15 174 ,2021
252,Дивногорск,Красноярский край,27477 ,2021
269,Дудинка,Красноярский край,19 556 ,2021
283,Енисейск,Красноярский край,17 537 ,2021
289,Железногорск,Красноярский край,82 723 ,2021
306,Заозёрный,Красноярский край,10 573 ,2021
317,Зеленогорск,Красноярский край,54 279 ,2021
334,Игарка,Красноярский край,3634 ,2021
338,Иланский,Красноярский край,15 945 ,2021
374,Канск,Красноярский край,86 816 ,2021
427,Кодинск,Красноярский край,13 324 ,2021
528,Лесосибирск,Красноярский край,55 730 ,2021
588,Минусинск,Красноярский край,70 089 ,2021
619,Назарово,Красноярский край,45 333 ,2021
688,Норильск,Красноярский край,174 453 ,2021
897,Сосновоборск,Красноярский край,40 442 ,2021
992,Ужур,Красноярский край,14 134 ,2021
1016,Уяр,Красноярский край,12 036 ,2021
1069,Шарыпово,Красноярский край,33 961 ,2021
22,Алупка,Крым,9063 ,2021
23,Алушта,Крым,31 364 ,2021
42,Армянск,Крым,20 692 ,2021
76,Бахчисарай,Крым,28 609 ,2021
86,Белогорск,Крым,17 445 ,2021
249,Джанкой,Крым,37 014 ,2021
273,Евпатория,Крым,107 877 ,2021
396,Керчь,Крым,154 621 ,2021
472,Красноперекопск,Крым,25 569 ,2021
821,Саки,Крым,24 285 ,2021
867,Симферополь,Крым,340 540 ,2021
914,Старый Крым,Крым,10 470 ,2021
922,Судак,Крым,17 834 ,2021
1018,Феодосия,Крым,66 293 ,2021
1086,Щёлкино,Крым,10 131 ,2021
1108,Ялта,Крым,74 652 ,2021
239,Далматово,Курганская область,11 584 ,2021
389,Катайск,Курганская область,11 881 ,2021
504,Куртамыш,Курганская область,14 806 ,2021
558,Макушино,Курганская область,6827 ,2021
749,Петухово,Курганская область,8502 ,2021
1067,Шадринск,Курганская область,68 609 ,2021
1083,Шумиха,Курганская область,16 264 ,2021
1089,Щучье,Курганская область,8252 ,2021
255,Дмитриев,Курская область,6317 ,2021
290,Железногорск,Курская область,97 038 ,2021
506,Курчатов,Курская область,40 318 ,2021
545,Льгов,Курская область,17 557 ,2021
698,Обоянь,Курская область,11 844 ,2021
818,Рыльск,Курская область,15 069 ,2021
923,Суджа,Курская область,5127 ,2021
1017,Фатеж,Курская область,4691 ,2021
1088,Щигры,Курская область,14 927 ,2021
224,Грязи,Липецкая область,43 908 ,2021
243,Данков,Липецкая область,19 726 ,2021
278,Елец,Липецкая область,99 875 ,2021
303,Задонск,Липецкая область,9887 ,2021
520,Лебедянь,Липецкая область,20 049 ,2021
1003,Усмань,Липецкая область,19 662 ,2021
1042,Чаплыгин,Липецкая область,11 579 ,2021
37,Ардатов,Мордовия,8857 ,2021
341,Инсар,Мордовия,7920 ,2021
425,Ковылкино,Мордовия,19 793 ,2021
474,Краснослободск,Мордовия,8910 ,2021
815,Рузаевка,Мордовия,42 989 ,2021
955,Темников,Мордовия,6451 ,2021
67,Балахна,Нижегородская область,48 569 ,2021
114,Богородск,Нижегородская область,35 068 ,2021
161,Ветлуга,Нижегородская область,7681 ,2021
176,Володарск,Нижегородская область,9705 ,2021
184,Ворсма,Нижегородская область,10 162 ,2021
190,Выкса,Нижегородская область,45 240 ,2021
212,Горбатов,Нижегородская область,2009 ,2021
216,Городец,Нижегородская область,28 660 ,2021
302,Заволжье,Нижегородская область,36 763 ,2021
422,Княгинино,Нижегородская область,6447 ,2021
494,Кулебаки,Нижегородская область,32 184 ,2021
540,Лукоянов,Нижегородская область,12 652 ,2021
542,Лысково,Нижегородская область,21 657 ,2021
616,Навашино,Нижегородская область,14 664 ,2021
730,Павлово,Нижегородская область,57 116 ,2021
737,Первомайск,Нижегородская область,13 223 ,2021
739,Перевоз,Нижегородская область,8999 ,2021
854,Семёнов,Нижегородская область,25 075 ,2021
859,Сергач,Нижегородская область,20 256 ,2021
998,Урень,Нижегородская область,12 450 ,2021
1061,Чкаловск,Нижегородская область,11 535 ,2021
1073,Шахунья,Нижегородская область,17 626 ,2021
128,Боровичи,Новгородская область,47 883 ,2021
142,Валдай,Новгородская область,14 074 ,2021
559,Малая Вишера,Новгородская область,9996 ,2021
706,Окуловка,Новгородская область,9949 ,2021
743,Пестово,Новгородская область,14 032 ,2021
891,Сольцы,Новгородская область,8449 ,2021
911,Старая Русса,Новгородская область,27 487 ,2021
1033,Холм,Новгородская область,3214 ,2021
1062,Чудово,Новгородская область,14 302 ,2021
72,Барабинск,Новосибирская область,27 648 ,2021
96,Бердск,Новосибирская область,102 850 ,2021
121,Болотное,Новосибирская область,15 644 ,2021
347,Искитим,Новосибирская область,57 147 ,2021
378,Карасук,Новосибирская область,24 890 ,2021
381,Каргат,Новосибирская область,8316 ,2021
492,Куйбышев,Новосибирская область,41 946 ,2021
497,Купино,Новосибирская область,15 065 ,2021
699,Обь,Новосибирская область,30 369 ,2021
950,Татарск,Новосибирская область,23 711 ,2021
963,Тогучин,Новосибирская область,20 766 ,2021
1050,Черепаново,Новосибирская область,19 900 ,2021
1063,Чулым,Новосибирская область,11 034 ,2021
346,Исилькуль,Омская область,20 515 ,2021
356,Калачинск,Омская область,21378 ,2021
621,Называевск,Омская область,10 434 ,2021
947,Тара,Омская область,26 878 ,2021
985,Тюкалинск,Омская область,9894 ,2021
2,Абдулино,Оренбургская область,17 274 ,2021
135,Бугуруслан,Оренбургская область,43 593 ,2021
137,Бузулук,Оренбургская область,88 341 ,2021
203,Гай,Оренбургская область,33 280 ,2021
487,Кувандык,Оренбургская область,26 596 ,2021
574,Медногорск,Оренбургская область,23 693 ,2021
676,Новотроицк,Оренбургская область,75 960 ,2021
718,Орск,Оренбургская область,189 195 ,2021
889,Соль-Илецк,Оренбургская область,26 149 ,2021
892,Сорочинск,Оренбургская область,28 478 ,2021
1116,Ясный,Оренбургская область,15 471 ,2021
123,Болхов,Орловская область,9495 ,2021
257,Дмитровск,Орловская область,5202 ,2021
529,Ливны,Орловская область,43 549 ,2021
562,Малоархангельск,Орловская область,3609 ,2021
611,Мценск,Орловская область,36 960 ,2021
674,Новосиль,Орловская область,2912 ,2021
83,Белинский,Пензенская область,8656 ,2021
217,Городище,Пензенская область,7796 ,2021
311,Заречный,Пензенская область,58 510 ,2021
363,Каменка,Пензенская область,33 491 ,2021
491,Кузнецк,Пензенская область,78 390 ,2021
647,Нижний Ломов,Пензенская область,20 421 ,2021
655,Никольск,Пензенская область,19 873 ,2021
861,Сердобск,Пензенская область,30 220 ,2021
903,Спасск,Пензенская область,6936 ,2021
931,Сурск,Пензенская область,6034 ,2021
17,Александровск,Пермский край,10 780 ,2021
97,Березники,Пермский край,138 069 ,2021
150,Верещагино,Пермский край,22 239 ,2021
214,Горнозаводск,Пермский край,11 073 ,2021
222,Гремячинск,Пермский край,8360 ,2021
226,Губаха,Пермский край,23 397 ,2021
259,Добрянка,Пермский край,28 782 ,2021
397,Кизел,Пермский край,15 619 ,2021
464,Красновишерск,Пермский край,14 460 ,2021
471,Краснокамск,Пермский край,48 778 ,2021
490,Кудымкар,Пермский край,28 293 ,2021
496,Кунгур,Пермский край,62 673 ,2021
543,Лысьва,Пермский край,53 855 ,2021
691,Нытва,Пермский край,16 675 ,2021
719,Оса,Пермский край,19 523 ,2021
728,Оханск,Пермский край,6430 ,2021
729,Очёр,Пермский край,14 385 ,2021
887,Соликамск,Пермский край,89 473 ,2021
1005,Усолье,Пермский край,6619 ,2021
1040,Чайковский,Пермский край,75 837 ,2021
1048,Чердынь,Пермский край,4590 ,2021
1053,Чёрмоз,Пермский край,3044 ,2021
1056,Чернушка,Пермский край,32 991 ,2021
1064,Чусовой,Пермский край,45 471 ,2021
45,Артём,Приморский край,109 556 ,2021
124,Большой Камень,Приморский край,41 825 ,2021
240,Дальнегорск,Приморский край,33 655 ,2021
241,Дальнереченск,Приморский край,23 613 ,2021
627,Находка,Приморский край,139 931 ,2021
734,Партизанск,Приморский край,33 832 ,2021
1006,Уссурийск,Приморский край,180 393 ,2021
1020,Фокино,Приморский край,19 711 ,2021
145,Великие Луки,Псковская область,86 711 ,2021
207,Гдов,Псковская область,3455 ,2021
258,Дно,Псковская область,7850 ,2021
628,Невель,Псковская область,13 980 ,2021
671,Новоржев,Псковская область,3222 ,2021
675,Новосокольники,Псковская область,6895 ,2021
713,Опочка,Псковская область,9928 ,2021
722,Остров,Псковская область,20 923 ,2021
752,Печоры,Псковская область,10 247 ,2021
771,Порхов,Псковская область,7309 ,2021
789,Пустошка,Псковская область,4070 ,2021
793,Пыталово,Псковская область,5263 ,2021
843,Себеж,Псковская область,6246 ,2021
8,Азов,Ростовская область,81 924 ,2021
10,Аксай,Ростовская область,48 372 ,2021
75,Батайск,Ростовская область,126 988 ,2021
78,Белая Калитва,Ростовская область,40 448 ,2021
171,Волгодонск,Ростовская область,172 050 ,2021
230,Гуково,Ростовская область,60 361 ,2021
263,Донецк,Ростовская область,46 623 ,2021
316,Зверево,Ростовская область,19 353 ,2021
321,Зерноград,Ростовская область,24 076 ,2021
366,Каменск-Шахтинский,Ростовская область,86 365 ,2021
442,Константиновск,Ростовская область,17 207 ,2021
480,Красный Сулин,Ростовская область,35 697 ,2021
586,Миллерово,Ростовская область,34 841 ,2021
602,Морозовск,Ростовская область,24 258 ,2021
682,Новочеркасск,Ростовская область,163 674 ,2021
683,Новошахтинск,Ростовская область,103 480 ,2021
783,Пролетарск,Ростовская область,18 983 ,2021
825,Сальск,Ростовская область,57 937 ,2021
855,Семикаракорск,Ростовская область,21 719 ,2021
941,Таганрог,Ростовская область,245 120 ,2021
1037,Цимлянск,Ростовская область,14 731 ,2021
1072,Шахты,Ростовская область,226 452 ,2021
385,Касимов,Рязанская область,28 443 ,2021
444,Кораблино,Рязанская область,10 334 ,2021
592,Михайлов,Рязанская область,10 303 ,2021
668,Новомичуринск,Рязанская область,16 900 ,2021
817,Рыбное,Рязанская область,21 069 ,2021
819,Ряжск,Рязанская область,20 634 ,2021
832,Сасово,Рязанская область,21 628 ,2021
869,Скопин,Рязанская область,25 238 ,2021
902,Спас-Клепики,Рязанская область,4743 ,2021
905,Спасск-Рязанский,Рязанская область,5796 ,2021
1074,Шацк,Рязанская область,5927 ,2021
293,Жигулёвск,Самарская область,50 466 ,2021
403,Кинель,Самарская область,36 729 ,2021
638,Нефтегорск,Самарская область,18 076 ,2021
667,Новокуйбышевск,Самарская область,98 306 ,2021
704,Октябрьск,Самарская область,20 703 ,2021
726,Отрадный,Самарская область,46 984 ,2021
772,Похвистнево,Самарская область,27 333 ,2021
935,Сызрань,Самарская область,165 725 ,2021
964,Тольятти,Самарская область,684 709 ,2021
1041,Чапаевск,Самарская область,70 228 ,2021
40,Аркадак,Саратовская область,10 990 ,2021
52,Аткарск,Саратовская область,22 709 ,2021
66,Балаково,Саратовская область,184 466 ,2021
69,Балашов,Саратовская область,74 057 ,2021
181,Вольск,Саратовская область,55 035 ,2021
285,Ершов,Саратовская область,18 095 ,2021
358,Калининск,Саратовская область,14 949 ,2021
463,Красноармейск,Саратовская область,21 350 ,2021
479,Красный Кут,Саратовская область,14 296 ,2021
569,Маркс,Саратовская область,28 749 ,2021
677,Новоузенск,Саратовская область,15 216 ,2021
745,Петровск,Саратовская область,26 319 ,2021
787,Пугачёв,Саратовская область,40 127 ,2021
811,Ртищево,Саратовская область,37 850 ,2021
1030,Хвалынск,Саратовская область,12 042 ,2021
1080,Шиханы,Саратовская область,5155 ,2021
1094,Энгельс,Саратовская область,225 428 ,2021
18,Александровск-Сахалинский,Сахалинская область,8854 ,2021
31,Анива,Сахалинская область,9638 ,2021
261,Долинск,Сахалинская область,11 740 ,2021
449,Корсаков,Сахалинская область,33 950 ,2021
500,Курильск,Сахалинская область,2530 ,2021
556,Макаров,Сахалинская область,5848 ,2021
727,Оха,Сахалинская область,20 357 ,2021
845,Северо-Курильск,Сахалинская область,2374 ,2021
965,Томари,Сахалинская область,4313 ,2021
988,Углегорск,Сахалинская область,8041 ,2021
1034,Холмск,Сахалинская область,25 677 ,2021
12,Алапаевск,Свердловская область,36 189 ,2021
35,Арамиль,Свердловская область,19 013 ,2021
47,Артёмовский,Свердловская область,28 943 ,2021
49,Асбест,Свердловская область,57 317 ,2021
99,Берёзовский,Свердловская область,59 698 ,2021
112,Богданович,Свердловская область,30 142 ,2021
153,Верхний Тагил,Свердловская область,10 113 ,2021
155,Верхняя Пышма,Свердловская область,71 335 ,2021
156,Верхняя Салда,Свердловская область,41 034 ,2021
157,Верхняя Тура,Свердловская область,8554 ,2021
158,Верхотурье,Свердловская область,6706 ,2021
180,Волчанск,Свердловская область,8573 ,2021
244,Дегтярск,Свердловская область,15 497 ,2021
312,Заречный,Свердловская область,28 112 ,2021
333,Ивдель,Свердловская область,14 306 ,2021
344,Ирбит,Свердловская область,37 009 ,2021
365,Каменск-Уральский,Свердловская область,164 192 ,2021
371,Камышлов,Свердловская область,27 117 ,2021
383,Карпинск,Свердловская область,25 879 ,2021
390,Качканар,Свердловская область,37 307 ,2021
412,Кировград,Свердловская область,18 698 ,2021
475,Краснотурьинск,Свердловская область,55 875 ,2021
476,Красноуральск,Свердловская область,21 507 ,2021
477,Красноуфимск,Свердловская область,37 301 ,2021
508,Кушва,Свердловская область,27 306 ,2021
526,Лесной,Свердловская область,48 261 ,2021
594,Михайловск,Свердловская область,9756 ,2021
631,Невьянск,Свердловская область,22 061 ,2021
646,Нижние Серги,Свердловская область,8009 ,2021
649,Нижний Тагил,Свердловская область,338 966 ,2021
650,Нижняя Салда,Свердловская область,16 505 ,2021
651,Нижняя Тура,Свердловская область,18 392 ,2021
658,Новая Ляля,Свердловская область,10 684 ,2021
679,Новоуральск,Свердловская область,78 479 ,2021
738,Первоуральск,Свердловская область,114 450 ,2021
765,Полевской,Свердловская область,55 182 ,2021
801,Ревда,Свердловская область,60 200 ,2021
802,Реж,Свердловская область,36 585 ,2021
849,Североуральск,Свердловская область,24 428 ,2021
862,Серов,Свердловская область,94 211 ,2021
907,Среднеуральск,Свердловская область,23 344 ,2021
934,Сухой Лог,Свердловская область,32 748 ,2021
937,Сысерть,Свердловская область,20 634 ,2021
940,Тавда,Свердловская область,32 749 ,2021
945,Талица,Свердловская область,14 808 ,2021
981,Туринск,Свердловская область,16 561 ,2021
11,Алагир,Северная Осетия,21 550 ,2021
38,Ардон,Северная Осетия,18 956 ,2021
100,Беслан,Северная Осетия,35 929 ,2021
253,Дигора,Северная Осетия,9922 ,2021
600,Моздок,Северная Осетия,36 784 ,2021
144,Велиж,Смоленская область,6293 ,2021
197,Вязьма,Смоленская область,51 950 ,2021
201,Гагарин,Смоленская область,26 500 ,2021
246,Демидов,Смоленская область,6326 ,2021
248,Десногорск,Смоленская область,25 345 ,2021
265,Дорогобуж,Смоленская область,9528 ,2021
270,Духовщина,Смоленская область,3990 ,2021
280,Ельня,Смоленская область,8332 ,2021
774,Починок,Смоленская область,7575 ,2021
806,Рославль,Смоленская область,45 416 ,2021
813,Рудня,Смоленская область,8908 ,2021
834,Сафоново,Смоленская область,38 403 ,2021
938,Сычёвка,Смоленская область,7544 ,2021
1114,Ярцево,Смоленская область,41 452 ,2021
320,Зеленокумск,Ставропольский край,33 187 ,2021
292,Жердевка,Тамбовская область,13 883 ,2021
417,Кирсанов,Тамбовская область,16 164 ,2021
459,Котовск,Тамбовская область,26 694 ,2021
596,Мичуринск,Тамбовская область,90 451 ,2021
603,Моршанск,Тамбовская область,39 023 ,2021
800,Рассказово,Тамбовская область,47 644 ,2021
987,Уварово,Тамбовская область,23 584 ,2021
5,Агрыз,Татарстан,19 991 ,2021
7,Азнакаево,Татарстан,34 750 ,2021
24,Альметьевск,Татарстан,16 3512 ,2021
44,Арск,Татарстан,20 421 ,2021
59,Бавлы,Татарстан,21 628 ,2021
119,Болгар,Татарстан,8285 ,2021
134,Бугульма,Татарстан,81 677 ,2021
138,Буинск,Татарстан,19 968 ,2021
277,Елабуга,Татарстан,73 630 ,2021
304,Заинск,Татарстан,39 739 ,2021
319,Зеленодольск,Татарстан,99 137 ,2021
340,Иннополис,Татарстан,3955 ,2021
493,Кукмор,Татарстан,17 886 ,2021
516,Лаишево,Татарстан,9076 ,2021
521,Лениногорск,Татарстан,60 993 ,2021
564,Мамадыш,Татарстан,15 726 ,2021
581,Менделеевск,Татарстан,22 875 ,2021
582,Мензелинск,Татарстан,16 008 ,2021
615,Набережные Челны,Татарстан,548 434 ,2021
644,Нижнекамск,Татарстан,241 479 ,2021
690,Нурлат,Татарстан,33 990 ,2021
958,Тетюши,Татарстан,10 535 ,2021
1059,Чистополь,Татарстан,58 815 ,2021
29,Андреаполь,Тверская область,6956 ,2021
77,Бежецк,Тверская область,21 466 ,2021
95,Белый,Тверская область,3125 ,2021
120,Бологое,Тверская область,20 234 ,2021
160,Весьегонск,Тверская область,6330 ,2021
194,Вышний Волочёк,Тверская область,45 830 ,2021
308,Западная Двина,Тверская область,7869 ,2021
328,Зубцов,Тверская область,6217 ,2021
361,Калязин,Тверская область,12 621 ,2021
391,Кашин,Тверская область,14 113 ,2021
401,Кимры,Тверская область,40 875 ,2021
439,Конаково,Тверская область,33 560 ,2021
481,Красный Холм,Тверская область,4998 ,2021
488,Кувшиново,Тверская область,9262 ,2021
534,Лихославль,Тверская область,11 017 ,2021
632,Нелидово,Тверская область,18 603 ,2021
721,Осташков,Тверская область,16 674 ,2021
804,Ржев,Тверская область,55 757 ,2021
912,Старица,Тверская область,6938 ,2021
969,Торжок,Тверская область,41 116 ,2021
970,Торопец,Тверская область,11 441 ,2021
991,Удомля,Тверская область,25 950 ,2021
50,Асино,Томская область,24 913 ,2021
393,Кедровый,Томская область,1818 ,2021
434,Колпашево,Томская область,20 824 ,2021
850,Северск,Томская область,106 648 ,2021
917,Стрежевой,Томская область,39 169 ,2021
20,Алексин,Тульская область,60 842 ,2021
82,Белёв,Тульская область,12 746 ,2021
113,Богородицк,Тульская область,29 560 ,2021
122,Болохово,Тульская область,9339 ,2021
149,Венёв,Тульская область,12 668 ,2021
264,Донской,Тульская область,63 837 ,2021
287,Ефремов,Тульская область,36 545 ,2021
400,Кимовск,Тульская область,26 475 ,2021
405,Киреевск,Тульская область,25 560 ,2021
532,Липки,Тульская область,8325 ,2021
669,Новомосковск,Тульская область,119 697 ,2021
756,Плавск,Тульская область,16 893 ,2021
882,Советск,Тульская область,7889 ,2021
921,Суворов,Тульская область,17 598 ,2021
993,Узловая,Тульская область,49 427 ,2021
1046,Чекалин,Тульская область,935 ,2021
1085,Щёкино,Тульская область,55 109 ,2021
1115,Ясногорск,Тульская область,15 269 ,2021
9,Ак-Довурак,Тыва,12 456 ,2021
980,Туран,Тыва,5044 ,2021
1039,Чадан,Тыва,9732 ,2021
1066,Шагонар,Тыва,11 772 ,2021
300,Заводоуковск,Тюменская область,27 100 ,2021
349,Ишим,Тюменская область,67 614 ,2021
962,Тобольск,Тюменская область,100 352 ,2021
1109,Ялуторовск,Тюменская область,38 853 ,2021
186,Воткинск,Удмуртия,97 471 ,2021
210,Глазов,Удмуртия,87 762 ,2021
362,Камбарка,Удмуртия,10 080 ,2021
599,Можга,Удмуртия,44 345 ,2021
829,Сарапул,Удмуртия,91 115 ,2021
74,Барыш,Ульяновская область,14 924 ,2021
254,Димитровград,Ульяновская область,110 968 ,2021
339,Инза,Ульяновская область,16 293 ,2021
678,Новоульяновск,Ульяновская область,13 673 ,2021
857,Сенгилей,Ульяновская область,6407 ,2021
25,Амурск,Хабаровский край,38 606 ,2021
102,Бикин,Хабаровский край,16 240 ,2021
195,Вяземский,Хабаровский край,12 775 ,2021
653,Николаевск-на-Амуре,Хабаровский край,18 631 ,2021
883,Советская Гавань,Хабаровский край,24 231 ,2021
0,Абаза,Хакасия,12 272 ,2021
835,Саяногорск,Хакасия,44 872 ,2021
893,Сорск,Хакасия,10 124 ,2021
1055,Черногорск,Хакасия,75 745 ,2021
94,Белоярский,Ханты-Мансийский АО,19 994 ,2021
426,Когалым,Ханты-Мансийский АО,61 441 ,2021
518,Лангепас,Ханты-Мансийский АО,42 701 ,2021
550,Лянтор,Ханты-Мансийский АО,40 977 ,2021
572,Мегион,Ханты-Мансийский АО,52 887 ,2021
641,Нефтеюганск,Ханты-Мансийский АО,124 732 ,2021
643,Нижневартовск,Ханты-Мансийский АО,283 256 ,2021
693,Нягань,Ханты-Мансийский АО,63 034 ,2021
762,Покачи,Ханты-Мансийский АО,16 040 ,2021
794,Пыть-Ях,Ханты-Мансийский АО,40 180 ,2021
797,Радужный,Ханты-Мансийский АО,43 577 ,2021
929,Сургут,Ханты-Мансийский АО,396 443 ,2021
997,Урай,Ханты-Мансийский АО,41 315 ,2021
1096,Югорск,Ханты-Мансийский АО,38 238 ,2021
884,Советский,Ханты-Мансийский АО — Югра,31 138 ,2021
56,Аша,Челябинская область,27 890 ,2021
63,Бакал,Челябинская область,16 345 ,2021
152,Верхнеуральск,Челябинская область,8929 ,2021
154,Верхний Уфалей,Челябинская область,22 981 ,2021
281,Еманжелинск,Челябинская область,27 632 ,2021
324,Златоуст,Челябинская область,161 774 ,2021
376,Карабаш,Челябинская область,10 514 ,2021
384,Карталы,Челябинская область,27 103 ,2021
386,Касли,Челябинская область,15 383 ,2021
388,Катав-Ивановск,Челябинская область,14 663 ,2021
443,Копейск,Челябинская область,147 806 ,2021
446,Коркино,Челябинская область,37 224 ,2021
507,Куса,Челябинская область,17136 ,2021
510,Кыштым,Челябинская область,36 045 ,2021
553,Магнитогорск,Челябинская область,410 594 ,2021
584,Миасс,Челябинская область,147 995 ,2021
589,Миньяр,Челябинская область,8500 ,2021
694,Нязепетровск,Челябинская область,10 379 ,2021
702,Озёрск,Челябинская область,76 896 ,2021
757,Пласт,Челябинская область,18 379 ,2021
833,Сатка,Челябинская область,42 597 ,2021
866,Сим,Челябинская область,12 858 ,2021
877,Снежинск,Челябинская область,50 619 ,2021
973,Трёхгорный,Челябинская область,32 463 ,2021
974,Троицк,Челябинская область,70 301 ,2021
1009,Усть-Катав,Челябинская область,21 439 ,2021
1043,Чебаркуль,Челябинская область,44 693 ,2021
1100,Южноуральск,Челябинская область,37 478 ,2021
1104,Юрюзань,Челябинская область,10 284 ,2021
36,Аргун,Чечня,41 622 ,2021
55,Ачхой-Мартан,Чечня,30 739 ,2021
229,Гудермес,Чечня,64 376 ,2021
505,Курчалой,Чечня,23 425 ,2021
1000,Урус-Мартан,Чечня,63 449 ,2021
1068,Шали,Чечня,55 054 ,2021
13,Алатырь,Чувашия,32 265 ,2021
372,Канаш,Чувашия,44 354 ,2021
429,Козловка,Чувашия,7781 ,2021
568,Мариинский Посад,Чувашия,7851 ,2021
681,Новочебоксарск,Чувашия,120 375 ,2021
1036,Цивильск,Чувашия,12 762 ,2021
1082,Шумерля,Чувашия,26 873 ,2021
1106,Ядрин,Чувашия,7918 ,2021
14,Алдан,Якутия,21 590 ,2021
163,Вилюйск,Якутия,10 032 ,2021
524,Ленск,Якутия,21 392 ,2021
590,Мирный,Якутия,34 045 ,2021
636,Нерюнгри,Якутия,53 409 ,2021
692,Нюрба,Якутия,10 138 ,2021
707,Олёкминск,Якутия,8398 ,2021
764,Покровск,Якутия,12 021 ,2021
906,Среднеколымск,Якутия,3131 ,2021
966,Томмот,Якутия,6440 ,2021
990,Удачный,Якутия,12 930 ,2021
228,Губкинский,Ямало-Ненецкий АО,33 273 ,2021
513,Лабытнанги,Ямало-Ненецкий АО,25 501 ,2021
606,Муравленко,Ямало-Ненецкий АО,29 233 ,2021
618,Надым,Ямало-Ненецкий АО,45 973 ,2021
685,Новый Уренгой,Ямало-Ненецкий АО,107 251 ,2021
689,Ноябрьск,Ямало-Ненецкий АО,100 188 ,2021
948,Тарко-Сале,Ямало-Ненецкий АО,19 900 ,2021
200,Гаврилов-Ям,Ярославская область,16 084 ,2021
242,Данилов,Ярославская область,13 677 ,2021
548,Любим,Ярославская область,5037 ,2021
614,Мышкин,Ярославская область,5621 ,2021
741,Переславль-Залесский,Ярославская область,37 738 ,2021
775,Пошехонье,Ярославская область,5150 ,2021
809,Ростов,Ярославская область,28 122 ,2021
816,Рыбинск,Ярославская область,177 295 ,2021
982,Тутаев,Ярославская область,39 643 ,2021
989,Углич,Ярославская область,32 719 ,2021
6,Адыгейск,Адыгея,13 191 ,2023
554,Майкоп,Адыгея,139 687 ,2023
213,Горно-Алтайск,Алтай,64 957 ,2023
73,Барнаул,Алтайский край,623 057 ,2023
109,Благовещенск,Амурская область,240 572 ,2023
48,Архангельск,Архангельская область,298 617 ,2023
51,Астрахань,Астраханская область,468 842 ,2023
1013,Уфа,Башкортостан,1 157 994 ,2023
80,Белгород,Белгородская область,333 931 ,2023
133,Брянск,Брянская область,375 669 ,2023
994,Улан-Удэ,Бурятия,436 138 ,2023
169,Владимир,Владимирская область,346 771 ,2023
170,Волгоград,Волгоградская область,1 025 662 ,2023
87,Белозерск,Вологодская область,8183 ,2023
147,Великий Устюг,Вологодская область,28 266 ,2023
175,Вологда,Вологодская область,311 628 ,2023
193,Вытегра,Вологодская область,10 292 ,2023
225,Грязовец,Вологодская область,14 424 ,2023
352,Кадников,Вологодская область,4022 ,2023
408,Кириллов,Вологодская область,7069 ,2023
461,Красавино,Вологодская область,5460 ,2023
654,Никольск,Вологодская область,7607 ,2023
885,Сокол,Вологодская область,34 298 ,2023
972,Тотьма,Вологодская область,8647 ,2023
1012,Устюжна,Вологодская область,7653 ,2023
1028,Харовск,Вологодская область,8361 ,2023
1051,Череповец,Вологодская область,301 040 ,2023
183,Воронеж,Воронежская область,1 051 995 ,2023
570,Махачкала,Дагестан,622 660 ,2023
104,Биробиджан,Еврейская АО,68 536 ,2023
1060,Чита,Забайкальский край,333 679 ,2023
331,Иваново,Ивановская область,360 687 ,2023
552,Магас,Ингушетия,16 931 ,2023
345,Иркутск,Иркутская область,611 215 ,2023
622,Нальчик,Кабардино-Балкария,245 961 ,2023
357,Калининград,Калининградская область,489 735 ,2023
1093,Элиста,Калмыкия,102 428 ,2023
65,Балабаново,Калужская область,30 194 ,2023
93,Белоусово,Калужская область,10 980 ,2023
129,Боровск,Калужская область,12 686 ,2023
284,Ермолино,Калужская область,11 189 ,2023
294,Жиздра,Калужская область,5433 ,2023
296,Жуков,Калужская область,15 656 ,2023
360,Калуга,Калужская область,333 954 ,2023
410,Киров,Калужская область,27 661 ,2023
428,Козельск,Калужская область,16 603 ,2023
441,Кондрово,Калужская область,15 734 ,2023
482,Кремёнки,Калужская область,11 637 ,2023
549,Людиново,Калужская область,35 275 ,2023
563,Малоярославец,Калужская область,41 511 ,2023
575,Медынь,Калужская область,8042 ,2023
583,Мещовск,Калужская область,3722 ,2023
604,Мосальск,Калужская область,4251 ,2023
895,Сосенский,Калужская область,11 259 ,2023
901,Спас-Деменск,Калужская область,4592 ,2023
933,Сухиничи,Калужская область,14 407 ,2023
949,Таруса,Калужская область,9791 ,2023
1105,Юхнов,Калужская область,6470 ,2023
748,Петропавловск-Камчатский,Камчатский край,162 992 ,2023
1052,Черкесск,Карачаево-Черкесия,112 789 ,2023
89,Беломорск,Карелия,7407 ,2023
395,Кемь,Карелия,9712 ,2023
440,Кондопога,Карелия,25 295 ,2023
452,Костомукша,Карелия,25 928 ,2023
519,Лахденпохья,Карелия,5855 ,2023
573,Медвежьегорск,Карелия,11 577 ,2023
709,Олонец,Карелия,7631 ,2023
747,Петрозаводск,Карелия,235 793 ,2023
755,Питкяранта,Карелия,8094 ,2023
788,Пудож,Карелия,7207 ,2023
852,Сегежа,Карелия,23 074 ,2023
894,Сортавала,Карелия,14 787 ,2023
927,Суоярви,Карелия,6819 ,2023
394,Кемерово,Кемеровская область,549 362 ,2023
411,Киров,Кировская область,471 754 ,2023
936,Сыктывкар,Коми,220 042 ,2023
453,Кострома,Костромская область,265 959 ,2023
466,Краснодар,Краснодарский край,1 121 291 ,2023
478,Красноярск,Красноярский край,1 196 913 ,2023
498,Курган,Курганская область,305 505 ,2023
503,Курск,Курская область,434 703 ,2023
118,Бокситогорск,Ленинградская область,15 674 ,2023
178,Волосово,Ленинградская область,11 647 ,2023
179,Волхов,Ленинградская область,37 955 ,2023
187,Всеволожск,Ленинградская область,78 849 ,2023
189,Выборг,Ленинградская область,71 772 ,2023
192,Высоцк,Ленинградская область,1122 ,2023
205,Гатчина,Ленинградская область,92 684 ,2023
330,Ивангород,Ленинградская область,9679 ,2023
364,Каменногорск,Ленинградская область,7068 ,2023
402,Кингисепп,Ленинградская область,49 005 ,2023
409,Кириши,Ленинградская область,50 346 ,2023
414,Кировск,Ленинградская область,27 089 ,2023
436,Коммунар,Ленинградская область,25 754 ,2023
489,Кудрово,Ленинградская область,64 904 ,2023
536,Лодейное Поле,Ленинградская область,18 677 ,2023
538,Луга,Ленинградская область,37 536 ,2023
546,Любань,Ленинградская область,4431 ,2023
608,Мурино,Ленинградская область,104 611 ,2023
656,Никольское,Ленинградская область,21 863 ,2023
657,Новая Ладога,Ленинградская область,7239 ,2023
725,Отрадное,Ленинградская область,25 402 ,2023
753,Пикалёво,Ленинградская область,20 169 ,2023
761,Подпорожье,Ленинградская область,15 779 ,2023
779,Приморск,Ленинградская область,6393 ,2023
781,Приозерск,Ленинградская область,18 526 ,2023
840,Светогорск,Ленинградская область,13 535 ,2023
864,Сертолово,Ленинградская область,70 921 ,2023
873,Сланцы,Ленинградская область,34 113 ,2023
898,Сосновый Бор,Ленинградская область,64 121 ,2023
939,Сясьстрой,Ленинградская область,12 417 ,2023
960,Тихвин,Ленинградская область,54 286 ,2023
971,Тосно,Ленинградская область,32 961 ,2023
1081,Шлиссельбург,Ленинградская область,13 918 ,2023
531,Липецк,Липецкая область,490 428 ,2023
551,Магадан,Магаданская область,89 834 ,2023
932,Сусуман,Магаданская область,4297 ,2023
173,Волжск,Марий Эл,52 164 ,2023
314,Звенигово,Марий Эл,10 822 ,2023
351,Йошкар-Ола,Марий Эл,283 469 ,2023
430,Козьмодемьянск,Марий Эл,19 355 ,2023
828,Саранск,Мордовия,312 252 ,2023
605,Москва,Москва,13 104 177 ,2023
33,Апрелевка,Московская область,37 137 ,2023
68,Балашиха,Московская область,526 851 ,2023
90,Белоозёрский,Московская область,13 571 ,2023
132,Бронницы,Московская область,21 294 ,2023
151,Верея,Московская область,4937 ,2023
162,Видное,Московская область,103 957,2023
177,Волоколамск,Московская область,26 181 ,2023
185,Воскресенск,Московская область,95 037 ,2023
191,Высоковск,Московская область,13 032 ,2023
211,Голицыно,Московская область,22 908 ,2023
245,Дедовск,Московская область,30 652 ,2023
251,Дзержинский,Московская область,57 700 ,2023
256,Дмитров,Московская область,64 307 ,2023
260,Долгопрудный,Московская область,119 957 ,2023
262,Домодедово,Московская область,155 421 ,2023
266,Дрезна,Московская область,12 246 ,2023
267,Дубна,Московская область,74 193 ,2023
274,Егорьевск,Московская область,71 322 ,2023
298,Жуковский,Московская область,110 507 ,2023
310,Зарайск,Московская область,20 419 ,2023
315,Звенигород,Московская область,37 154 ,2023
332,Ивантеевка,Московская область,83 725 ,2023
348,Истра,Московская область,36 085 ,2023
392,Кашира,Московская область,45 231 ,2023
420,Клин,Московская область,88 525 ,2023
433,Коломна,Московская область,133 019 ,2023
447,Королёв,Московская область,226 936 ,2023
454,Котельники,Московская область,68 758 ,2023
462,Красноармейск,Московская область,26 583 ,2023
465,Красногорск,Московская область,188 850 ,2023
467,Краснозаводск,Московская область,14 432 ,2023
469,Краснознаменск,Московская область,44 402 ,2023
486,Кубинка,Московская область,23 303 ,2023
502,Куровское,Московская область,19 803 ,2023
530,Ликино-Дулёво,Московская область,34 013 ,2023
535,Лобня,Московская область,81 968 ,2023
537,Лосино-Петровский,Московская область,29 264 ,2023
541,Луховицы,Московская область,29 845 ,2023
544,Лыткарино,Московская область,66 079 ,2023
547,Люберцы,Московская область,230 134 ,2023
598,Можайск,Московская область,30 151 ,2023
613,Мытищи,Московская область,266 446 ,2023
624,Наро-Фоминск,Московская область,73 163 ,2023
686,Ногинск,Московская область,102 205 ,2023
700,Одинцово,Московская область,186 172 ,2023
703,Озёры,Московская область,23 966 ,2023
716,Орехово-Зуево,Московская область,105 542 ,2023
732,Павловский Посад,Московская область,65 142 ,2023
740,Пересвет,Московская область,11 571 ,2023
760,Подольск,Московская область,312 400 ,2023
784,Протвино,Московская область,36 985 ,2023
791,Пушкино,Московская область,111 738 ,2023
792,Пущино,Московская область,19 392 ,2023
799,Раменское,Московская область,114 000 ,2023
803,Реутов,Московская область,113 140 ,2023
810,Рошаль,Московская область,21 042 ,2023
814,Руза,Московская область,15 703 ,2023
860,Сергиев Посад,Московская область,99 224 ,2023
863,Серпухов,Московская область,133 646 ,2023
888,Солнечногорск,Московская область,48 489 ,2023
910,Старая Купавна,Московская область,23 102 ,2023
920,Ступино,Московская область,63 820 ,2023
944,Талдом,Московская область,17 099 ,2023
1022,Фрязино,Московская область,59 606 ,2023
1032,Химки,Московская область,257 006 ,2023
1035,Хотьково,Московская область,20 515 ,2023
1054,Черноголовка,Московская область,19 027 ,2023
1058,Чехов,Московская область,87 039 ,2023
1071,Шатура,Московская область,37 294 ,2023
1087,Щёлково,Московская область,135 509 ,2023
1090,Электрогорск,Московская область,29 930 ,2023
1091,Электросталь,Московская область,143 182 ,2023
1092,Электроугли,Московская область,17 830 ,2023
1117,Яхрома,Московская область,13 764 ,2023
32,Апатиты,Мурманская область,48 748 ,2023
202,Гаджиево,Мурманская область,9088 ,2023
307,Заозёрск,Мурманская область,7760 ,2023
309,Заполярный,Мурманская область,14 231 ,2023
373,Кандалакша,Мурманская область,28 438 ,2023
415,Кировск,Мурманская область,24 271 ,2023
423,Ковдор,Мурманская область,15 423 ,2023
431,Кола,Мурманская область,8933 ,2023
601,Мончегорск,Мурманская область,39 477 ,2023
609,Мурманск,Мурманская область,267 422 ,2023
708,Оленегорск,Мурманская область,20 875 ,2023
723,Островной,Мурманская область,1412 ,2023
768,Полярные Зори,Мурманская область,14 078 ,2023
769,Полярный,Мурманская область,12 154 ,2023
848,Североморск,Мурманская область,43 394 ,2023
878,Снежногорск,Мурманская область,10 023,2023
626,Нарьян-Мар,Ненецкий АО,23 579 ,2023
39,Арзамас,Нижегородская область,103 997 ,2023
125,Бор,Нижегородская область,77 582 ,2023
250,Дзержинск,Нижегородская область,216 598 ,2023
485,Кстово,Нижегородская область,62 208 ,2023
648,Нижний Новгород,Нижегородская область,1 203 477 ,2023
831,Саров,Нижегородская область,93 721 ,2023
146,Великий Новгород,Новгородская область,223 191 ,2023
673,Новосибирск,Новосибирская область,1 635 338 ,2023
710,Омск,Омская область,1 110 836 ,2023
715,Оренбург,Оренбургская область,539 236 ,2023
714,Орёл,Орловская область,296 633 ,2023
736,Пенза,Пензенская область,492 376 ,2023
742,Пермь,Пермский край,1 027 153 ,2023
43,Арсеньев,Приморский край,47 306 ,2023
167,Владивосток,Приморский край,597 237 ,2023
527,Лесозаводск,Приморский край,34 967 ,2023
904,Спасск-Дальний,Приморский край,35 096 ,2023
786,Псков,Псковская область,189 315 ,2023
808,Ростов-на-Дону,Ростовская область,1 135 968 ,2023
820,Рязань,Рязанская область,523 203 ,2023
826,Самара,Самарская область,1 163 645 ,2023
827,Санкт-Петербург,Санкт-Петербург,5 600 044 ,2023
830,Саратов,Саратовская область,891 898 ,2023
629,Невельск,Сахалинская область,10 528 ,2023
770,Поронайск,Сахалинская область,15 953 ,2023
1098,Южно-Сахалинск,Сахалинская область,180 467 ,2023
276,Екатеринбург,Свердловская область,1 539 371 ,2023
844,Севастополь,Севастополь,558 273 ,2023
168,Владикавказ,Северная Осетия,292 886 ,2023
876,Смоленск,Смоленская область,312 896 ,2023
110,Благодарный,Ставропольский край,30 713 ,2023
136,Будённовск,Ставропольский край,57 121 ,2023
209,Георгиевск,Ставропольский край,62 036 ,2023
286,Ессентуки,Ставропольский край,121 534 ,2023
288,Железноводск,Ставропольский край,22418 ,2023
337,Изобильный,Ставропольский край,38 177 ,2023
343,Ипатово,Ставропольский край,25 682 ,2023
419,Кисловодск,Ставропольский край,126 674 ,2023
525,Лермонтов,Ставропольский край,22 887 ,2023
587,Минеральные Воды,Ставропольский край,69 569 ,2023
595,Михайловск,Ставропольский край,112 793 ,2023
630,Невинномысск,Ставропольский край,115 826 ,2023
640,Нефтекумск,Ставропольский край,23 075 ,2023
659,Новоалександровск,Ставропольский край,26 410 ,2023
670,Новопавловск,Ставропольский край,20 595 ,2023
795,Пятигорск,Ставропольский край,144 955 ,2023
838,Светлоград,Ставропольский край,35 196 ,2023
909,Ставрополь,Ставропольский край,550 147 ,2023
946,Тамбов,Тамбовская область,258 546 ,2023
353,Казань,Татарстан,1 314 685 ,2023
952,Тверь,Тверская область,414 756 ,2023
967,Томск,Томская область,551 505 ,2023
978,Тула,Тульская область,466 609 ,2023
509,Кызыл,Тыва,128 129 ,2023
986,Тюмень,Тюменская область,855 618 ,2023
335,Ижевск,Удмуртия,620 591 ,2023
995,Ульяновск,Ульяновская область,613 334 ,2023
438,Комсомольск-на-Амуре,Хабаровский край,236 158 ,2023
1024,Хабаровск,Хабаровский край,617 168 ,2023
1,Абакан,Хакасия,185 348 ,2023
1026,Ханты-Мансийск,Ханты-Мансийский АО — Югра,109 745 ,2023
1047,Челябинск,Челябинская область,1 182 517 ,2023
223,Грозный,Чечня,331 402,2023
1044,Чебоксары,Чувашия,496 238 ,2023
26,Анадырь,Чукотский АО,12 998 ,2023
103,Билибино,Чукотский АО,5409 ,2023
735,Певек,Чукотский АО,4230 ,2023
159,Верхоянск,Якутия,768 ,2023
1107,Якутск,Якутия,361 154 ,2023
824,Салехард,Ямало-Ненецкий АО,48 619 ,2023
1113,Ярославль,Ярославская область,570 824 ,2023
